First Name;Last Name;Company Name;Role In Company;Address;E-Mail;Phone Number
Darcey;"Brown";"Children's Healthcare of Atlanta";"Loan Officer";"8444 the grove";"dbrown@childrenshealthcareofatlanta.bar";"98242216585";
Elijah;"Green";"Nationwide";"Physical Therapist Assistant";"8525 queen street";"egreen@nationwide.wtf";"91161691388";
Mohammad;"Hussain";"Aflac";"Computer Systems Analyst";"6994 the avenue";"mhussain@aflac.golf";"93715912178";
Sebastian;"Collins";"Novo Nordisk";"School Counselor";"9509 north road";"scollins@novonordisk.buzz";"10847200988";
Sonny;"Kelly";"Southern Ohio Medical Center";"Personal Care Aide";"3875 west street";"skelly@southernohiomedicalcenter.express";"96292946413";
Emily;"Griffiths";"Cooley";"Scientist";"4574 new street";"egriffiths@cooley.tours";"74159120833";
Ava;"Gill";"Baptist Health South Florida";"Painter";"4349 the crescent";"agill@baptisthealthsouthflorida.news";"33743990603";
Mohammad;"Andrews";"Marriott International";"Veterinarian";"4831 park avenue";"mandrews@marriottinternational.rocks";"57061050981";
Rory;"Berry";"VMware";"Web Developer";"5607 london road";"rberry@vmware.fund";"77105204942";
Ollie;"Cooke";"Pinnacle Financial Partners";"Financial Analyst";"7702 main street";"ocooke@pinnaclefinancialpartners.pictures";"63226121854";
Lucy;"Watson";"QuikTrip";"Administrative Assistant";"6598 mill lane";"lwatson@quiktrip.cloud";"39002622310";
Kian;"Hawkins";"Protiviti";"Cement Mason & Concrete Finisher";"3861 park road";"khawkins@protiviti.shoes";"29815923119";
Ollie;"Ahmed";"Adobe Systems";"Delivery Truck Driver";"8113 north road";"oahmed@adobesystems.help";"74467835254";
David;"Freeman";"Southern Ohio Medical Center";"Marketing Manager";"5833 the drive";"dfreeman@southernohiomedicalcenter.reviews";"62675122488";
Sofia;"O'connor";"SAP";"Financial Advisor";"6547 highfield road";"soconnor@sap.zone";"29687709631";
Rosie;"Saunders";"Google";"Patrol Officer";"7641 green lane";"rsaunders@google.fm";"86954656774";
Benjamin;"Williams";"PwC";"Logistician";"2822 park avenue";"bwilliams@pwc.sarl";"99854843500";
Ethan;"Hussain";"W. L. Gore & Associates";"Bookkeepin";"8983 main street";"ehussain@wlgore&associates.top";"60295833609";
Willow;"Rees";"Cooley";"Compliance Officer";"5054 church lane";"wrees@cooley.store";"20378655022";
Mollie;"Newman";"American Express";"Massage Therapist";"3255 london road";"mnewman@americanexpress.wine";"75919811762";
